{"Game":"Stellaris","IsSelected":true,"MergedFolderName":null,"ModNames":["~~Ariphaos Unofficial Patch (3.4)","Bypass Adjustments","Additional Machine Portraits","Additional Machine Portraits - Dark Core","Additional Machine Portraits - Light Matrix","Additional Machine Portraits | Forgotten Atomotons","Alien Suns","Additional Humanoid Portraits","LabRats Fixed","Animated Furdrake Species","Project Xenotype: Chapter 2: Ascellians","Animated Flayed Humanoids","Animated Kriken Species","Animated Raven Portraits (Skeksis)","Animated Sectoid","Animated Skeletor Portrait","Animated Synthetics Portraits - Expanded: Simplified","Xenomorph Species","Zyralynn species","Diamont Species","Cyborg Horror","Cyborg Portraits","Cyborg Species","Distant Creature","Dromaeosauridae Animated Portraits","Evil ExHumans - Humanoid version","Human Hive","Human Revolution (standalone)","Mass Effect - Geth Portraits","Mass Effect Species Pack (Updated)","Metroid Alimbic Animated Portrait","Nefalem","Prothean Portraits","Protoss Nerazim Portrait Set","Protoss Khalai Portrait Set","Protoss Ihan-rii Portrait Set","Protoss Tal'darim Portrait Set","The Psilons - Animated Species","Twinks Engineer Species","Warframe Portraits: Organics","Warframe Portraits: Machines","Twinks Demon Species","( Twinks I.A.A.T )","( Twinks Dessanu )","Animated Aquilese Portraits","Animated Eldar Portraits - Warhammer 40K","Animated Hollow Portraits","Animated Hyena Portraits","Animated Octee-lan Portraits","Animated Portraits - The Hidden Eye","Animated Raptor Portraits","Animated Serpentoid Portraits","Animated Silicoid Portraits","Animated Shark Portraits","Animated Xirmian Portraits","Holosphere Rising","Sophon Portraits","Spinosauridae Animated Portraits","Synthetic Portrait Pack","Vampire Portraits","Vampire Beast Portraits","Xeno Biodiversity","Xenon Sector - Race & Ship Only","The Chiss Species","Space Greeks and Romans 2.0 - Hephaestus Update","Space Egyptians","( Twinks Paradise Initiative )","( Twinks Sin'dorei )","( Twinks Kaldorei )","( Twinks Atlanteans )","Gnomes Portraits","Segek's Animated Portraits","Merger of Portraits","Aesthetic Terraform Stations","At War: Advanced Ship Sections (3.4.*)","At War: Better Admiral Experience (3.4.*)","At War: Carrier Improvements (3.4.*)","At War: Defense Platform Longevity(3.4.*)","At War: Starbase Improvements (3.4:*)","Automatic Pop Migration (3.4.*)","Cross Border Trade","EUTAB - Ethos Unique Techs and Buildings - Unofficial Update (3.4.X)","Expanded Mandates","New Enclaves [3.4.*]","Planet States [3.4.*]","Plant's Species Expansion","Planetary Modifier Enhancements","Primitive Conquest Enhancements","Quantum Trebuchet (3.4.X)","Ringworld Graphical Enhancements","Sensor Expansion","Special Leadership Privileges for Battle Thralls and Bio-Trophies","Technology Rubberbanding","Xenology : Traits Expansion Unofficial - Biological Module (3.4.X)","Xenology : Traits Expansion Unofficial - Annex Module (3.4.X)","Planetary Diversity","Planetary Diversity - Exotic Worlds","Planetary Diversity - Gaia Worlds","Planetary Diversity - More Arcologies","Planetary Diversity - Planetary Habitats","Planetary Diversity - Ringworlds","Planetary Diversity - Shroud Worlds","Planetary Diversity - Space Habitats","Planetary Diversity - Unique Worlds","Planetary Diversity - Reworked Habitability","Guilli's Exploration And Expansion Tweaks","Guilli's Planet Modifiers and Features","Guilli's Technologies","UI Overhaul Dynamic","UI Overhaul Dynamic - Checksum Schism Version","Simple Traditions","UI Overhaul Dynamic - More Tradition Categories (64)","UI Overhaul Dynamic + Planetary Diversity","!!Universal Modifier Patch (3.4.*)","Absolutely no prescripted countries pls"],"Mods":["mod/ugc_1995601384.mod","mod/ugc_1765986160.mod","mod/ugc_2072351802.mod","mod/ugc_2083415877.mod","mod/ugc_2083537876.mod","mod/ugc_2248346800.mod","mod/ugc_689601294.mod","mod/ugc_2427862847.mod","mod/ugc_2702711649.mod","mod/ugc_2772528033.mod","mod/ugc_2703958103.mod","mod/ugc_2111255352.mod","mod/ugc_2651477861.mod","mod/ugc_1895373092.mod","mod/ugc_909858285.mod","mod/ugc_2268845332.mod","mod/ugc_2722809540.mod","mod/ugc_2275819376.mod","mod/ugc_1728903037.mod","mod/ugc_2589114334.mod","mod/ugc_2216723207.mod","mod/ugc_1639761478.mod","mod/ugc_817156941.mod","mod/ugc_1379385525.mod","mod/ugc_1401309277.mod","mod/ugc_2235507833.mod","mod/ugc_1503919865.mod","mod/ugc_687822601.mod","mod/ugc_1143456505.mod","mod/ugc_1159908355.mod","mod/ugc_1320082958.mod","mod/ugc_1292471671.mod","mod/ugc_2427869136.mod","mod/ugc_1883615001.mod","mod/ugc_1891333849.mod","mod/ugc_2603581297.mod","mod/ugc_1879765466.mod","mod/ugc_740677109.mod","mod/ugc_1115264100.mod","mod/ugc_1937879340.mod","mod/ugc_1937879602.mod","mod/ugc_922380722.mod","mod/ugc_2307773954.mod","mod/ugc_2285039543.mod","mod/ugc_910576007.mod","mod/ugc_707415339.mod","mod/ugc_902526212.mod","mod/ugc_1126014321.mod","mod/ugc_929140455.mod","mod/ugc_1168459329.mod","mod/ugc_872596925.mod","mod/ugc_861800679.mod","mod/ugc_1160316076.mod","mod/ugc_1098915405.mod","mod/ugc_881118424.mod","mod/ugc_868965217.mod","mod/ugc_719855266.mod","mod/ugc_1395788969.mod","mod/ugc_891425376.mod","mod/ugc_2271209736.mod","mod/ugc_2260146121.mod","mod/ugc_1353289123.mod","mod/ugc_828671557.mod","mod/ugc_683184786.mod","mod/ugc_2215225986.mod","mod/ugc_2282137860.mod","mod/ugc_2278356024.mod","mod/ugc_1762619605.mod","mod/ugc_1800624677.mod","mod/ugc_2079398322.mod","mod/ugc_2473189293.mod","mod/ugc_2515616083.mod","mod/ugc_2800218111.mod","mod/ugc_2622411084.mod","mod/ugc_2506911698.mod","mod/ugc_2506910978.mod","mod/ugc_2506911291.mod","mod/ugc_2501114149.mod","mod/ugc_2506910851.mod","mod/ugc_2591166867.mod","mod/ugc_2780180614.mod","mod/ugc_2784515597.mod","mod/ugc_1255082381.mod","mod/ugc_2356224372.mod","mod/ugc_2409516058.mod","mod/ugc_2767606003.mod","mod/ugc_2496357128.mod","mod/ugc_2488154830.mod","mod/ugc_2807209823.mod","mod/ugc_2628518102.mod","mod/ugc_2002751329.mod","mod/ugc_2496357447.mod","mod/ugc_2775865431.mod","mod/ugc_2774388842.mod","mod/ugc_2784050534.mod","mod/ugc_819148835.mod","mod/ugc_1732437279.mod","mod/ugc_2284514368.mod","mod/ugc_1732447147.mod","mod/ugc_1878751971.mod","mod/ugc_2391277656.mod","mod/ugc_1960179456.mod","mod/ugc_2171564735.mod","mod/ugc_1740165239.mod","mod/ugc_1807850864.mod","mod/ugc_2802824108.mod","mod/ugc_865040033.mod","mod/ugc_1793768254.mod","mod/ugc_1623423360.mod","mod/ugc_1880893750.mod","mod/ugc_2436408502.mod","mod/ugc_2608299476.mod","mod/ugc_1623423504.mod","mod/ugc_1688887083.mod","mod/ugc_2482053468.mod"],"Name":"Cepheus Alpha","PatchModEnabled":true}