{"Game":"Stellaris","IsSelected":true,"MergedFolderName":null,"ModNames":["~~Ariphaos Unofficial Patch (3.4)","Dynamic Mod Menu [3.4.*]","Start with auto explore & research","Bypass Adjustments","More Civic Points [S-02]","Portrait Trigger Pack - Core","Sensor Expansion","! Immersive Beautiful Universe !","Cybrxkhan's Assortment of Namelists for Stellaris","Dimorphic Shark Portraits","Dimorphism - Chirpy Portraits","Enhanced - Plavalaguna Portraits","Enhanced - Vulcan Portraits","LLX's Mods - Compiled Dimorphism (3.2 'Herbert')","Alternative Federation Backgrounds LITE","Alternative Galactic Federation Backgrounds LITE","5 Times Faster Reinforcement Transit","Project Xenotype: Chapter 2: Ascellians","A Deadly Tempest [3.4.☠]","\"Agrarian\" Idyll for Lithoids","Aesthetic Terraform Stations","AI-Player Exclusive Archaeology","At War: Advanced Ship Sections (3.4.*)","At War: Better Admiral Experience (3.4.*)","At War: Carrier Improvements (3.4.*)","At War: Defense Platform Longevity(3.4.*)","At War: Starbase Improvements (3.4:*)","Automatic Pop Migration (3.4.*)","Basic Ordinary Origins","Better Interactions for Megacorps","Building: Aquaponics Farms","Building Slot Technologies","Colony Designations: Capital Building Job Swaps","Colony Designation: Ecumenopolis Commercial","Consecrated Worlds: Adjustable Limit","Counter-Limited Armies Fix","Cross Border Trade","Deassimilate Machines","Deassimlated Machine Worlds","Enhanced Trade Districts and Designations","EUTAB - Ethos Unique Techs and Buildings - Unofficial Update (3.4.X)","Expanded Mandates","Extragalactic Cluster Start","Extra Events 3.4","Extra Fallen Empires","Guilli's Exploration And Expansion Tweaks","Guilli's Planet Modifiers and Features","Guilli's Technologies","Leader Traits: All Eligible Species Traits","Leader Traits: Clone Army - All Leader Classes","Leader Traits: Enhanced Randomisation","Leader Traits: Merge-Add Species Traits","Leader Traits: Scientist AI Assistant Upgrader","Leader Traits: Synthetic Leader Traits for Machine Units","Machine & Robot Expansion","Portrait Trigger Pack - Machine & Robot Expansion","Machine World Preference for Resource Consolidation","Magnum's Mods - Megastructure Build Speed Research","Magnum's Mods - More Influence Research","Magnum's Mods - Resource Storage Research","More AI Personalities","More Standard Districts","New Enclaves [3.4.*]","No More Exclaves","Origins of Civilization for 3.x","Penal Colony: Enhanced","Planet States [3.4.*]","Planet Raider","Planetary Modifier Enhancements","Planetary Wonders","Primitive Conquest Enhancements","Primitive Worlds for 3.x","Psionic Ascension: Even in Other Empires","Quantum Trebuchet (3.4.X)","Rapid Evolution for 3.x","Realistic Logistic Growth","Restored Content: Fungoids","Ringworld Graphical Enhancements","Special Leadership Privileges for Battle Thralls and Bio-Trophies","Starbases/Orbital Rings Upgrades, Balances & Fixes (3.4)","Expanded Starbases","Station Solar System Exploitation","Technology Rubberbanding","\"Terraform\" to Tomb World","The Utopian Dream (3.4)","Vassals Expanded and Reworked - FunEFork","Xenology : Traits Expansion Unofficial - Annex Module (3.4.X)","Xenology : Traits Expansion Unofficial - Biological Module (3.4.X)","Landmass","Miniatures","UI Overhaul Dynamic","36 Building Slots","UI Overhaul Dynamic + Complete Colors","UI Overhaul Dynamic - Checksum Schism Version","UI Overhaul Dynamic - Extended Topbar","Planetary Diversity","Planetary Diversity - Exotic Worlds","Planetary Diversity - Gaia Worlds","Planetary Diversity - More Arcologies","Planetary Diversity - Planetary Habitats","Planetary Diversity - Ringworlds","Planetary Diversity - Shroud Worlds","Planetary Diversity - Space Habitats","Planetary Diversity - Unique Worlds","Planetary Diversity - Reworked Habitability","Planetary Diversity - Reworked Terraforming","\"Terraform\" to Tomb World: Planetary Diversity Compatibility","Portrait Trigger Pack - Planetary Diversity","UI Overhaul Dynamic + Planetary Diversity","Landmass - Planetary Diversity","Tiny Outliner v2","UI Overhaul Dynamic + Tiny Outliner v2","Tiny Fleets","Tiny Starbase Modules and Buildings","Tiny Planetary Construction Panel","Tiny Megastructures","Tiny Ship Components","Amazing Civics - Megacorp","Empires Expanded (formerly Civics Expanded+)","Government Variety Pack","Mercenary Megacorps","Money's Corporate Civic Parities","Simple Traditions","Traditional Thinking (3.4)","Forerunner - A Traditions Overhaul","Ascendant Stars (3.4)","Forerunner+Ascendant Stars Patch","UI Overhaul Dynamic - Ascension Slots","UI Overhaul Dynamic - More Tradition Categories (64)","UI Overhaul Dynamic + New Enclaves","UI Overhaul Dynamic + Planet States","Dark UI","UI Overhaul Dynamic - Dark UI","Habitat AI colonisation fix","Higher Fallen Empire Limit","Tier Numbers: Buildings","We Require Borders","Shut Up, We Don't Care! (3.4)","Overflow fleet power fix","!!Universal Modifier Patch (3.4.*)","! The Merger of Rules 3.4","Absolutely no prescripted countries pls"],"Mods":["mod/ugc_1995601384.mod","mod/ugc_2458024521.mod","mod/ugc_2795768815.mod","mod/ugc_1765986160.mod","mod/ugc_1707957948.mod","mod/ugc_2662722782.mod","mod/ugc_2002751329.mod","mod/ugc_2407436476.mod","mod/ugc_682691478.mod","mod/ugc_2665436549.mod","mod/ugc_2290480775.mod","mod/ugc_2291100371.mod","mod/ugc_2309284069.mod","mod/ugc_2460574912.mod","mod/ugc_2219622248.mod","mod/ugc_2219623950.mod","mod/ugc_2745772420.mod","mod/ugc_2703958103.mod","mod/ugc_2028826064.mod","mod/ugc_2510669821.mod","mod/ugc_2622411084.mod","mod/ugc_2273568769.mod","mod/ugc_2506911698.mod","mod/ugc_2506910978.mod","mod/ugc_2506911291.mod","mod/ugc_2501114149.mod","mod/ugc_2506910851.mod","mod/ugc_2591166867.mod","mod/ugc_2027051983.mod","mod/ugc_2669601927.mod","mod/ugc_2768297949.mod","mod/ugc_2474860196.mod","mod/ugc_2773995755.mod","mod/ugc_2597129991.mod","mod/ugc_2648945546.mod","mod/ugc_2564348666.mod","mod/ugc_2780180614.mod","mod/ugc_2553812372.mod","mod/ugc_2559702143.mod","mod/ugc_2641081470.mod","mod/ugc_2784515597.mod","mod/ugc_1255082381.mod","mod/ugc_1999512770.mod","mod/ugc_2807778592.mod","mod/ugc_1812858232.mod","mod/ugc_2802824108.mod","mod/ugc_865040033.mod","mod/ugc_1793768254.mod","mod/ugc_2499031295.mod","mod/ugc_2784215835.mod","mod/ugc_2553806265.mod","mod/ugc_2784224276.mod","mod/ugc_2498166286.mod","mod/ugc_2642820468.mod","mod/ugc_2441507863.mod","mod/ugc_2652332091.mod","mod/ugc_2627738108.mod","mod/ugc_1607061818.mod","mod/ugc_1155192709.mod","mod/ugc_1607055469.mod","mod/ugc_701432146.mod","mod/ugc_2650611194.mod","mod/ugc_2356224372.mod","mod/ugc_2732567565.mod","mod/ugc_2468557761.mod","mod/ugc_2686810902.mod","mod/ugc_2409516058.mod","mod/ugc_1286356239.mod","mod/ugc_2496357128.mod","mod/ugc_2305790641.mod","mod/ugc_2488154830.mod","mod/ugc_2459392937.mod","mod/ugc_2601239912.mod","mod/ugc_2807209823.mod","mod/ugc_2459527909.mod","mod/ugc_2641850635.mod","mod/ugc_2548834941.mod","mod/ugc_2628518102.mod","mod/ugc_2496357447.mod","mod/ugc_2491182137.mod","mod/ugc_1359700418.mod","mod/ugc_2562023076.mod","mod/ugc_2775865431.mod","mod/ugc_2625663437.mod","mod/ugc_2807534796.mod","mod/ugc_2183551683.mod","mod/ugc_2784050534.mod","mod/ugc_2774388842.mod","mod/ugc_2804121274.mod","mod/ugc_2803842017.mod","mod/ugc_1623423360.mod","mod/ugc_1630649870.mod","mod/ugc_1813390120.mod","mod/ugc_1880893750.mod","mod/ugc_1780481482.mod","mod/ugc_819148835.mod","mod/ugc_1732437279.mod","mod/ugc_2284514368.mod","mod/ugc_1732447147.mod","mod/ugc_1878751971.mod","mod/ugc_2391277656.mod","mod/ugc_1960179456.mod","mod/ugc_2171564735.mod","mod/ugc_1740165239.mod","mod/ugc_1807850864.mod","mod/ugc_2782493786.mod","mod/ugc_2766967251.mod","mod/ugc_2652334740.mod","mod/ugc_1623423504.mod","mod/ugc_2809340180.mod","mod/ugc_1610578060.mod","mod/ugc_1628912584.mod","mod/ugc_1629519297.mod","mod/ugc_2807539630.mod","mod/ugc_2807931990.mod","mod/ugc_2432560341.mod","mod/ugc_804946681.mod","mod/ugc_1960052542.mod","mod/ugc_2717193796.mod","mod/ugc_2806903835.mod","mod/ugc_2662166848.mod","mod/ugc_2662226452.mod","mod/ugc_2436408502.mod","mod/ugc_2807595730.mod","mod/ugc_2806737895.mod","mod/ugc_2807957008.mod","mod/ugc_2809103548.mod","mod/ugc_1890399946.mod","mod/ugc_2608299476.mod","mod/ugc_2477020404.mod","mod/ugc_2567460549.mod","mod/ugc_904956708.mod","mod/ugc_1993018111.mod","mod/ugc_2145844864.mod","mod/ugc_1813260692.mod","mod/ugc_1747995732.mod","mod/ugc_2452302093.mod","mod/ugc_2807179563.mod","mod/ugc_2808122654.mod","mod/ugc_1688887083.mod","mod/ugc_2807759164.mod","mod/ugc_2482053468.mod"],"Name":"Cepheus","PatchModEnabled":true}